[
  {
    "number": 1,
    "name": "Oranges",
    "category": "Fruits",
    "price": 5.90
  },
  {
    "number": 2,
    "name": "Lemons",
    "category": "Fruits",
    "price": 5.90
  },
  {
    "number": 3,
    "name": "Bananas",
    "category": "Fruits",
    "price": 6.90
  },
  {
    "number": 4,
    "name": "Strawberries",
    "category": "Fruits",
    "price": 7.90
  },
  {
    "number": 5,
    "name": "Grapes",
    "category": "Fruits",
    "price": 5.90
  },
  {
    "number": 6,
    "name": "Carrots",
    "category": "Legumes",
    "price": 5.90
  },
  {
    "number": 7,
    "name": "Yellow peppers",
    "category": "Legumes",
    "price": 8.90
  },
  {
    "number": 8,
    "name": "Potatoes",
    "category": "Legumes",
    "price": 5.90
  },
  {
    "number": 9,
    "name": "Tomatoes",
    "category": "Legumes",
    "price": 4.90
  },
  {
    "number": 10,
    "name": "Eggplants",
    "category": "Legumes",
    "price": 5.90
  },
  {
    "number": 11,
    "name": "Lettuce",
    "category": "Vegetables",
    "price": 7.90
  },
  {
    "number": 12,
    "name": "Broccoli",
    "category": "Vegetables",
    "price": 5.90
  },
  {
    "number": 13,
    "name": "Cauliflower",
    "category": "Vegetables",
    "price": 4.90
  },
  {
    "number": 14,
    "name": "Onion",
    "category": "Vegetables",
    "price": 5.90
  },
  {
    "number": 15,
    "name": "Aspargus",
    "category": "Vegetables",
    "price": 8.90
  },
  {
    "number": 16,
    "name": "Rice",
    "category": "Grains / Beans",
    "price": 6.90
  },
  {
    "number": 17,
    "name": "Beans",
    "category": "Grains / Beans",
    "price": 6.90
  },
  {
    "number": 18,
    "name": "Oat",
    "category": "Grains / Beans",
    "price": 3.90
  },
  {
    "number": 19,
    "name": "Corn",
    "category": "Grains / Beans",
    "price": 3.90
  },
  {
    "number": 20,
    "name": "Peas",
    "category": "Grains / Beans",
    "price": 5.90
  },
  {
    "number": 21,
    "name": "Milk",
    "category": "Dairy products",
    "price": 4.90
  },
  {
    "number": 22,
    "name": "Cheese",
    "category": "Dairy products",
    "price": 8.90
  },
  {
    "number": 23,
    "name": "Yogurt",
    "category": "Dairy products",
    "price": 6.90
  },
  {
    "number": 24,
    "name": "Butter",
    "category": "Dairy products",
    "price": 5.90
  },
  {
    "number": 25,
    "name": "Cream cheese",
    "category": "Dairy products",
    "price": 6.90
  },
  {
    "number": 26,
    "name": "Sliced ham",
    "category": "Meat & eggs",
    "price": 7.90
  },
  {
    "number": 27,
    "name": "Beef",
    "category": "Meat & eggs",
    "price": 6.90
  },
  {
    "number": 28,
    "name": "Shrimp",
    "category": "Meat & eggs",
    "price": 8.90
  },
  {
    "number": 29,
    "name": "Barbecue",
    "category": "Meat & eggs",
    "price": 6.90
  },
  {
    "number": 30,
    "name": "Eggs",
    "category": "Meat & eggs",
    "price": 4.90
  }
]
